file_path,area,content_type,language,topic,priority,status,notes
docs/Bunkai boekje NL 20251115 tm Sanseru - v1.0 in concept_extracted.txt,reference,reference-material,,Bunkai boekje NL 20251115 tm Sanseru - v1.0 in concept_extracted,medium,source material,
docs/Bunkai boekje NL 20251115 tm Sanseru - v1.0 in concept.pdf,reference,reference-material,,Bunkai boekje NL 20251115 tm Sanseru - v1.0 in concept,medium,source material,
docs/extracted_text.txt,reference,reference-material,,extracted_text,medium,source material,
docs/fact-check-implementation.md,reference,reference-material,,fact-check-implementation,medium,source material,
docs/fact-check-plan.md,reference,reference-material,,fact-check-plan,medium,source material,
docs/geschiedenis.docx,reference,reference-material,,geschiedenis,medium,source material,
docs/Gojuryu_newaza_extracted.txt,reference,reference-material,,Gojuryu_newaza_extracted,medium,source material,
docs/Gojuryu_newaza.pdf,reference,reference-material,,Gojuryu_newaza,medium,source material,
docs/hoei_juku_extracted/appendix.txt,reference,reference-material,,appendix,medium,source material,
docs/hoei_juku_extracted/basic_techniques.txt,reference,reference-material,,basic_techniques,medium,source material,
docs/hoei_juku_extracted/full_text.txt,reference,reference-material,,full_text,medium,source material,
docs/hoei_juku_extracted/introduction.txt,reference,reference-material,,introduction,medium,source material,
docs/hoei_juku_extracted/kata.txt,reference,reference-material,,kata,medium,source material,
docs/hoei_juku_extracted/philosophy.txt,reference,reference-material,,philosophy,medium,source material,
docs/Hojo Undo/HojoUndo-Chiishi.pdf,reference,reference-material,,HojoUndo-Chiishi,medium,source material,
docs/Hojo Undo/HojoUndo-doublehandleChiishi.pdf,reference,reference-material,,HojoUndo-doublehandleChiishi,medium,source material,
docs/Hojo Undo/HojoUndo-IshiSashi.pdf,reference,reference-material,,HojoUndo-IshiSashi,medium,source material,
docs/Hojo Undo/HojoUndo-Jari Bako.pdf,reference,reference-material,,HojoUndo-Jari Bako,medium,source material,
docs/Hojo Undo/HojoUndo-Kongoken.pdf,reference,reference-material,,HojoUndo-Kongoken,medium,source material,
docs/Hojo Undo/HojoUndo-Makiage.pdf,reference,reference-material,,HojoUndo-Makiage,medium,source material,
docs/Hojo Undo/HojoUndo-Makiwara.pdf,reference,reference-material,,HojoUndo-Makiwara,medium,source material,
docs/Hojo Undo/HojoUndo-Nigiri.pdf,reference,reference-material,,HojoUndo-Nigiri,medium,source material,
docs/Hojo Undo/HojoUndo-supplemental.pdf,reference,reference-material,,HojoUndo-supplemental,medium,source material,
docs/Hojo Undo/HojoUndo-Tan.pdf,reference,reference-material,,HojoUndo-Tan,medium,source material,
docs/Hojo Undo/HojoUndo-Tetsu Geta.pdf,reference,reference-material,,HojoUndo-Tetsu Geta,medium,source material,
docs/Hojo Undo/HojoUndo-Ton.pdf,reference,reference-material,,HojoUndo-Ton,medium,source material,
docs/Hojo Undo/HojoUndo-Ude Ketae.pdf,reference,reference-material,,HojoUndo-Ude Ketae,medium,source material,
docs/Hojo_undo_artikelen_1995.pdf,reference,reference-material,,Hojo_undo_artikelen_1995,medium,source material,
docs/hojo_undo_extracted.txt,reference,reference-material,,hojo_undo_extracted,medium,source material,
docs/HojoUndo-Ude Tanren_extracted.txt,reference,reference-material,,HojoUndo-Ude Tanren_extracted,medium,source material,
docs/HojoUndo-Ude Tanren.pdf,reference,reference-material,,HojoUndo-Ude Tanren,medium,source material,
docs/junbi undo_extracted.txt,reference,reference-material,,junbi undo_extracted,medium,source material,
docs/junbi undo.pdf,reference,reference-material,,junbi undo,medium,source material,
docs/Kakie_web_extracted.txt,reference,reference-material,,Kakie_web_extracted,medium,source material,
docs/Kakie_web.pdf,reference,reference-material,,Kakie_web,medium,source material,
docs/kumite_extracted.txt,reference,reference-material,,kumite_extracted,medium,source material,
docs/kumite.pdf,reference,reference-material,,kumite,medium,source material,
docs/technieken-van-de-kata.pdf,reference,reference-material,,technieken-van-de-kata,medium,source material,
docs/The-Hoei-Juku-Training-Manual.pdf,reference,reference-material,,The-Hoei-Juku-Training-Manual,medium,source material,
public/Images/blocks/age-uke.gif,media,media,,age-uke,medium,not reviewed,
public/Images/blocks/gedan-barai.gif,media,media,,gedan-barai,medium,not reviewed,
public/Images/blocks/soto-uke.gif,media,media,,soto-uke,medium,not reviewed,
public/Images/goju.png,media,media,,goju,medium,not reviewed,
public/Images/hojo-undo/doubleHandleChiishi.png,media,media,,doubleHandleChiishi,medium,not reviewed,
public/Images/hojo-undo/makiage.png,media,media,,makiage,medium,not reviewed,
public/Images/hojo-undo/supplemental.png,media,media,,supplemental,medium,not reviewed,
public/Images/hojo-undo/ton.png,media,media,,ton,medium,not reviewed,
public/Images/hojo-undo/udeKetae.png,media,media,,udeKetae,medium,not reviewed,
public/Images/JunbiUndo/page_10_image_1.png,media,media,,page_10_image_1,medium,not reviewed,
public/Images/JunbiUndo/page_11_image_1.png,media,media,,page_11_image_1,medium,not reviewed,
public/Images/JunbiUndo/page_12_image_1.png,media,media,,page_12_image_1,medium,not reviewed,
public/Images/JunbiUndo/page_13_image_1.png,media,media,,page_13_image_1,medium,not reviewed,
public/Images/JunbiUndo/page_14_image_1.png,media,media,,page_14_image_1,medium,not reviewed,
public/Images/JunbiUndo/page_16_image_1.png,media,media,,page_16_image_1,medium,not reviewed,
public/Images/JunbiUndo/page_17_image_1.png,media,media,,page_17_image_1,medium,not reviewed,
public/Images/JunbiUndo/page_19_image_1.png,media,media,,page_19_image_1,medium,not reviewed,
public/Images/JunbiUndo/page_3_image_1.png,media,media,,page_3_image_1,medium,not reviewed,
public/Images/JunbiUndo/page_5_image_1.png,media,media,,page_5_image_1,medium,not reviewed,
public/Images/JunbiUndo/page_5_image_1a.png,media,media,,page_5_image_1a,medium,not reviewed,
public/Images/JunbiUndo/page_6_image_1.png,media,media,,page_6_image_1,medium,not reviewed,
public/Images/JunbiUndo/page_6_image_1a.png,media,media,,page_6_image_1a,medium,not reviewed,
public/Images/JunbiUndo/page_7_image_1.png,media,media,,page_7_image_1,medium,not reviewed,
public/Images/JunbiUndo/page_8_image_1.png,media,media,,page_8_image_1,medium,not reviewed,
public/Images/JunbiUndo/page_9_image_1.png,media,media,,page_9_image_1,medium,not reviewed,
public/Images/Kata/gekisai-dai-ichi-1.png,media,media,,gekisai-dai-ichi-1,medium,not reviewed,
public/Images/Kata/gekisai-dai-ichi-2.png,media,media,,gekisai-dai-ichi-2,medium,not reviewed,
public/Images/Kata/gekisai-dai-ichi-3.png,media,media,,gekisai-dai-ichi-3,medium,not reviewed,
public/Images/Kata/gekisai-dai-ni-1.png,media,media,,gekisai-dai-ni-1,medium,not reviewed,
public/Images/Kata/Kata1.png,media,media,,Kata1,medium,not reviewed,
public/Images/Kata/Kata2.png,media,media,,Kata2,medium,not reviewed,
public/Images/Kata/Kata3.png,media,media,,Kata3,medium,not reviewed,
public/Images/Kata/Saifa1.png,media,media,,Saifa1,medium,not reviewed,
public/Images/Kata/Saifa2.png,media,media,,Saifa2,medium,not reviewed,
public/Images/Kata/Saifa3.png,media,media,,Saifa3,medium,not reviewed,
public/Images/Kata/Saifa4.png,media,media,,Saifa4,medium,not reviewed,
public/Images/Kata/Saifa5.png,media,media,,Saifa5,medium,not reviewed,
public/Images/Kata/Saifa6.png,media,media,,Saifa6,medium,not reviewed,
public/Images/Kata/Saifa7.png,media,media,,Saifa7,medium,not reviewed,
public/Images/Kata/Sanseru1.png,media,media,,Sanseru1,medium,not reviewed,
public/Images/Kata/Sanseru2.png,media,media,,Sanseru2,medium,not reviewed,
public/Images/Kata/Sanseru3.png,media,media,,Sanseru3,medium,not reviewed,
public/Images/Kata/Sanseru4.png,media,media,,Sanseru4,medium,not reviewed,
public/Images/Kata/Sanseru5.png,media,media,,Sanseru5,medium,not reviewed,
public/Images/Kata/Seiyunchin1.png,media,media,,Seiyunchin1,medium,not reviewed,
public/Images/Kata/Seiyunchin10.png,media,media,,Seiyunchin10,medium,not reviewed,
public/Images/Kata/Seiyunchin11.png,media,media,,Seiyunchin11,medium,not reviewed,
public/Images/Kata/Seiyunchin12.png,media,media,,Seiyunchin12,medium,not reviewed,
public/Images/Kata/Seiyunchin13.png,media,media,,Seiyunchin13,medium,not reviewed,
public/Images/Kata/Seiyunchin2.png,media,media,,Seiyunchin2,medium,not reviewed,
public/Images/Kata/Seiyunchin3.png,media,media,,Seiyunchin3,medium,not reviewed,
public/Images/Kata/Seiyunchin4.png,media,media,,Seiyunchin4,medium,not reviewed,
public/Images/Kata/Seiyunchin5.png,media,media,,Seiyunchin5,medium,not reviewed,
public/Images/Kata/Seiyunchin6.png,media,media,,Seiyunchin6,medium,not reviewed,
public/Images/Kata/Seiyunchin7.png,media,media,,Seiyunchin7,medium,not reviewed,
public/Images/Kata/Seiyunchin8.png,media,media,,Seiyunchin8,medium,not reviewed,
public/Images/Kata/Seiyunchin9.png,media,media,,Seiyunchin9,medium,not reviewed,
public/Images/Kata/Sepai1.png,media,media,,Sepai1,medium,not reviewed,
public/Images/Kata/Sepai10.png,media,media,,Sepai10,medium,not reviewed,
public/Images/Kata/Sepai11.png,media,media,,Sepai11,medium,not reviewed,
public/Images/Kata/Sepai2.png,media,media,,Sepai2,medium,not reviewed,
public/Images/Kata/Sepai3.png,media,media,,Sepai3,medium,not reviewed,
public/Images/Kata/Sepai4.png,media,media,,Sepai4,medium,not reviewed,
public/Images/Kata/Sepai5.png,media,media,,Sepai5,medium,not reviewed,
public/Images/Kata/Sepai6.png,media,media,,Sepai6,medium,not reviewed,
public/Images/Kata/Sepai7.png,media,media,,Sepai7,medium,not reviewed,
public/Images/Kata/Sepai8.png,media,media,,Sepai8,medium,not reviewed,
public/Images/Kata/Sepai9.png,media,media,,Sepai9,medium,not reviewed,
public/Images/Kata/Shisochin1.png,media,media,,Shisochin1,medium,not reviewed,
public/Images/Kata/Shisochin2.png,media,media,,Shisochin2,medium,not reviewed,
public/Images/Kata/Shisochin3.png,media,media,,Shisochin3,medium,not reviewed,
public/Images/Kata/Shisochin4.png,media,media,,Shisochin4,medium,not reviewed,
public/Images/Kata/Shisochin5.png,media,media,,Shisochin5,medium,not reviewed,
public/Images/Kata/Shisochin6.png,media,media,,Shisochin6,medium,not reviewed,
public/Images/Kata/Shisochin7.png,media,media,,Shisochin7,medium,not reviewed,
public/Images/Kata/Shisochin8.png,media,media,,Shisochin8,medium,not reviewed,
public/Images/Newaza/placeholder.jpg,media,media,,placeholder,medium,not reviewed,
public/Images/Stances/hachiji-dachi-1024x619-upscale-4x.jpg,media,media,,hachiji-dachi-1024x619-upscale-4x,medium,not reviewed,
public/Images/Stances/han-zenkutsu-dachi-1024x619-upscale-4x.jpg,media,media,,han-zenkutsu-dachi-1024x619-upscale-4x,medium,not reviewed,
public/Images/Stances/heiko-dachi-1024x619-upscale-4x.jpg,media,media,,heiko-dachi-1024x619-upscale-4x,medium,not reviewed,
public/Images/Stances/heisoku-dachi-1024x619-upscale-4x.jpg,media,media,,heisoku-dachi-1024x619-upscale-4x,medium,not reviewed,
public/Images/Stances/kiba-dachi-1024x619-upscale-4x.jpg,media,media,,kiba-dachi-1024x619-upscale-4x,medium,not reviewed,
public/Images/Stances/kokutsu-dachi-1024x619-upscale-4x.jpg,media,media,,kokutsu-dachi-1024x619-upscale-4x,medium,not reviewed,
public/Images/Stances/kosa-dachi-1024x619-upscale-4x.jpg,media,media,,kosa-dachi-1024x619-upscale-4x,medium,not reviewed,
public/Images/Stances/musubi-dachi-1024x619-upscale-4x.jpg,media,media,,musubi-dachi-1024x619-upscale-4x,medium,not reviewed,
public/Images/Stances/neko-ashi-dachi-1024x619-upscale-4x.jpg,media,media,,neko-ashi-dachi-1024x619-upscale-4x,medium,not reviewed,
public/Images/Stances/sanchin-dachi-1024x619-upscale-4x.jpg,media,media,,sanchin-dachi-1024x619-upscale-4x,medium,not reviewed,
public/Images/Stances/seiza-placeholder.jpg,media,media,,seiza-placeholder,medium,not reviewed,
public/Images/Stances/shiko-dachi-1024x619-upscale-4x.jpg,media,media,,shiko-dachi-1024x619-upscale-4x,medium,not reviewed,
public/Images/Stances/tsuru-ashi-dachi-1024x619-upscale-4x.jpg,media,media,,tsuru-ashi-dachi-1024x619-upscale-4x,medium,not reviewed,
public/Images/Stances/zenkutsu-dachi-1024x619-upscale-4x.jpg,media,media,,zenkutsu-dachi-1024x619-upscale-4x,medium,not reviewed,
public/Images/Vital-points-back.jpg,media,media,,Vital-points-back,medium,not reviewed,
public/Images/Vital-points-front.jpg,media,media,,Vital-points-front,medium,not reviewed,
public/og-image.png,media,media,,og-image,medium,not reviewed,
public/placeholder.svg,media,media,,placeholder,medium,not reviewed,
public/Video/Blocks/age-uke.mp4,media,media,,age-uke,medium,not reviewed,
public/Video/Blocks/gedan-barai.mp4,media,media,,gedan-barai,medium,not reviewed,
public/Video/Blocks/soto-uke.mp4,media,media,,soto-uke,medium,not reviewed,
src/content/history/anichi-miyagi.de.md,history,markdown-content,de,anichi-miyagi,medium,not reviewed,
src/content/history/anichi-miyagi.en.md,history,markdown-content,en,anichi-miyagi,medium,not reviewed,
src/content/history/anichi-miyagi.es.md,history,markdown-content,es,anichi-miyagi,medium,not reviewed,
src/content/history/anichi-miyagi.fr.md,history,markdown-content,fr,anichi-miyagi,medium,not reviewed,
src/content/history/anichi-miyagi.it.md,history,markdown-content,it,anichi-miyagi,medium,not reviewed,
src/content/history/anichi-miyagi.md,history,markdown-content,base,anichi-miyagi,medium,not reviewed,
src/content/history/anichi-miyagi.nl.md,history,markdown-content,nl,anichi-miyagi,medium,not reviewed,
src/content/history/chojun-miyagi.de.md,history,markdown-content,de,chojun-miyagi,medium,not reviewed,
src/content/history/chojun-miyagi.en.md,history,markdown-content,en,chojun-miyagi,medium,not reviewed,
src/content/history/chojun-miyagi.es.md,history,markdown-content,es,chojun-miyagi,medium,not reviewed,
src/content/history/chojun-miyagi.fr.md,history,markdown-content,fr,chojun-miyagi,medium,not reviewed,
src/content/history/chojun-miyagi.it.md,history,markdown-content,it,chojun-miyagi,medium,not reviewed,
src/content/history/chojun-miyagi.md,history,markdown-content,base,chojun-miyagi,medium,not reviewed,
src/content/history/chojun-miyagi.nl.md,history,markdown-content,nl,chojun-miyagi,medium,not reviewed,
src/content/history/kanryo-higaonna.de.md,history,markdown-content,de,kanryo-higaonna,medium,not reviewed,
src/content/history/kanryo-higaonna.en.md,history,markdown-content,en,kanryo-higaonna,medium,not reviewed,
src/content/history/kanryo-higaonna.es.md,history,markdown-content,es,kanryo-higaonna,medium,not reviewed,
src/content/history/kanryo-higaonna.fr.md,history,markdown-content,fr,kanryo-higaonna,medium,not reviewed,
src/content/history/kanryo-higaonna.it.md,history,markdown-content,it,kanryo-higaonna,medium,not reviewed,
src/content/history/kanryo-higaonna.md,history,markdown-content,base,kanryo-higaonna,medium,not reviewed,
src/content/history/kanryo-higaonna.nl.md,history,markdown-content,nl,kanryo-higaonna,medium,not reviewed,
src/content/history/morio-higaonna.de.md,history,markdown-content,de,morio-higaonna,medium,not reviewed,
src/content/history/morio-higaonna.en.md,history,markdown-content,en,morio-higaonna,medium,not reviewed,
src/content/history/morio-higaonna.es.md,history,markdown-content,es,morio-higaonna,medium,not reviewed,
src/content/history/morio-higaonna.fr.md,history,markdown-content,fr,morio-higaonna,medium,not reviewed,
src/content/history/morio-higaonna.it.md,history,markdown-content,it,morio-higaonna,medium,not reviewed,
src/content/history/morio-higaonna.md,history,markdown-content,base,morio-higaonna,medium,not reviewed,
src/content/history/morio-higaonna.nl.md,history,markdown-content,nl,morio-higaonna,medium,not reviewed,
src/content/history/origins.de.md,history,markdown-content,de,origins,medium,not reviewed,
src/content/history/origins.en.md,history,markdown-content,en,origins,medium,not reviewed,
src/content/history/origins.es.md,history,markdown-content,es,origins,medium,not reviewed,
src/content/history/origins.fr.md,history,markdown-content,fr,origins,medium,not reviewed,
src/content/history/origins.it.md,history,markdown-content,it,origins,medium,not reviewed,
src/content/history/origins.md,history,markdown-content,base,origins,medium,not reviewed,
src/content/history/origins.nl.md,history,markdown-content,nl,origins,medium,not reviewed,
src/content/history/tetsuji-nakamura.de.md,history,markdown-content,de,tetsuji-nakamura,medium,not reviewed,
src/content/history/tetsuji-nakamura.en.md,history,markdown-content,en,tetsuji-nakamura,medium,not reviewed,
src/content/history/tetsuji-nakamura.es.md,history,markdown-content,es,tetsuji-nakamura,medium,not reviewed,
src/content/history/tetsuji-nakamura.fr.md,history,markdown-content,fr,tetsuji-nakamura,medium,not reviewed,
src/content/history/tetsuji-nakamura.it.md,history,markdown-content,it,tetsuji-nakamura,medium,not reviewed,
src/content/history/tetsuji-nakamura.md,history,markdown-content,base,tetsuji-nakamura,medium,not reviewed,
src/content/history/tetsuji-nakamura.nl.md,history,markdown-content,nl,tetsuji-nakamura,medium,not reviewed,
src/content/hojo-undo/chi-ishi/attention-points.md,hojo-undo,markdown-content,base,attention-points,high,not reviewed,
src/content/hojo-undo/chi-ishi/construction.md,hojo-undo,markdown-content,base,construction,high,not reviewed,
src/content/hojo-undo/chi-ishi/exercises.md,hojo-undo,markdown-content,base,exercises,high,not reviewed,
src/content/hojo-undo/chi-ishi/function.md,hojo-undo,markdown-content,base,function,high,not reviewed,
src/content/hojo-undo/introduction.md,hojo-undo,markdown-content,base,introduction,high,not reviewed,
src/content/hojo-undo/ishi-sashi/attention-points.md,hojo-undo,markdown-content,base,attention-points,high,not reviewed,
src/content/hojo-undo/ishi-sashi/construction.md,hojo-undo,markdown-content,base,construction,high,not reviewed,
src/content/hojo-undo/ishi-sashi/exercises.md,hojo-undo,markdown-content,base,exercises,high,not reviewed,
src/content/hojo-undo/ishi-sashi/function.md,hojo-undo,markdown-content,base,function,high,not reviewed,
src/content/hojo-undo/kongoken/attention-points.md,hojo-undo,markdown-content,base,attention-points,high,not reviewed,
src/content/hojo-undo/kongoken/classic-exercises.md,hojo-undo,markdown-content,base,classic-exercises,high,not reviewed,
src/content/hojo-undo/kongoken/construction.md,hojo-undo,markdown-content,base,construction,high,not reviewed,
src/content/hojo-undo/kongoken/exercises.md,hojo-undo,markdown-content,base,exercises,high,not reviewed,
src/content/hojo-undo/kongoken/function.md,hojo-undo,markdown-content,base,function,high,not reviewed,
src/content/hojo-undo/nigiri-game/attention-points.md,hojo-undo,markdown-content,base,attention-points,high,not reviewed,
src/content/hojo-undo/nigiri-game/construction.md,hojo-undo,markdown-content,base,construction,high,not reviewed,
src/content/hojo-undo/nigiri-game/exercises.md,hojo-undo,markdown-content,base,exercises,high,not reviewed,
src/content/hojo-undo/nigiri-game/function.md,hojo-undo,markdown-content,base,function,high,not reviewed,
src/content/hojo-undo/ude-tanren/exercises.md,hojo-undo,markdown-content,base,exercises,high,not reviewed,
src/content/kata-theory/bunkai-and-techniques.md,kata-theory,markdown-content,base,bunkai-and-techniques,high,not reviewed,
src/content/kata-theory/kata-and-karate.md,kata-theory,markdown-content,base,kata-and-karate,high,not reviewed,
src/content/kata-theory/kata-origins.md,kata-theory,markdown-content,base,kata-origins,high,not reviewed,
src/content/kata-theory/kata-techniques.de.md,kata-theory,markdown-content,de,kata-techniques,high,not reviewed,
src/content/kata-theory/kata-techniques.es.md,kata-theory,markdown-content,es,kata-techniques,high,not reviewed,
src/content/kata-theory/kata-techniques.fr.md,kata-theory,markdown-content,fr,kata-techniques,high,not reviewed,
src/content/kata-theory/kata-techniques.it.md,kata-theory,markdown-content,it,kata-techniques,high,not reviewed,
src/content/kata-theory/kata-techniques.md,kata-theory,markdown-content,base,kata-techniques,high,not reviewed,
src/content/kata-theory/kata-techniques.nl.md,kata-theory,markdown-content,nl,kata-techniques,high,not reviewed,
src/content/kata-theory/okinawan-concepts.md,kata-theory,markdown-content,base,okinawan-concepts,high,not reviewed,
src/content/kata-theory/power-and-movement.md,kata-theory,markdown-content,base,power-and-movement,high,not reviewed,
src/content/kata-theory/power-transfer.de.md,kata-theory,markdown-content,de,power-transfer,high,not reviewed,
src/content/kata-theory/power-transfer.es.md,kata-theory,markdown-content,es,power-transfer,high,not reviewed,
src/content/kata-theory/power-transfer.fr.md,kata-theory,markdown-content,fr,power-transfer,high,not reviewed,
src/content/kata-theory/power-transfer.it.md,kata-theory,markdown-content,it,power-transfer,high,not reviewed,
src/content/kata-theory/power-transfer.md,kata-theory,markdown-content,base,power-transfer,high,not reviewed,
src/content/kata-theory/power-transfer.nl.md,kata-theory,markdown-content,nl,power-transfer,high,not reviewed,
src/content/kata-theory/sources-of-power.de.md,kata-theory,markdown-content,de,sources-of-power,high,not reviewed,
src/content/kata-theory/sources-of-power.es.md,kata-theory,markdown-content,es,sources-of-power,high,not reviewed,
src/content/kata-theory/sources-of-power.fr.md,kata-theory,markdown-content,fr,sources-of-power,high,not reviewed,
src/content/kata-theory/sources-of-power.it.md,kata-theory,markdown-content,it,sources-of-power,high,not reviewed,
src/content/kata-theory/sources-of-power.md,kata-theory,markdown-content,base,sources-of-power,high,not reviewed,
src/content/kata-theory/sources-of-power.nl.md,kata-theory,markdown-content,nl,sources-of-power,high,not reviewed,
src/content/kata-theory/what-are-kata.de.md,kata-theory,markdown-content,de,what-are-kata,high,not reviewed,
src/content/kata-theory/what-are-kata.es.md,kata-theory,markdown-content,es,what-are-kata,high,not reviewed,
src/content/kata-theory/what-are-kata.fr.md,kata-theory,markdown-content,fr,what-are-kata,high,not reviewed,
src/content/kata-theory/what-are-kata.it.md,kata-theory,markdown-content,it,what-are-kata,high,not reviewed,
src/content/kata-theory/what-are-kata.md,kata-theory,markdown-content,base,what-are-kata,high,not reviewed,
src/content/kata-theory/what-are-kata.nl.md,kata-theory,markdown-content,nl,what-are-kata,high,not reviewed,
src/content/kumite/competition.md,kumite,markdown-content,base,competition,high,not reviewed,
src/content/kumite/introduction.md,kumite,markdown-content,base,introduction,high,not reviewed,
src/content/kumite/introduction/safety-and-rules.en.md,kumite,markdown-content,en,safety-and-rules,high,not reviewed,
src/content/kumite/introduction/safety-and-rules.md,kumite,markdown-content,base,safety-and-rules,high,not reviewed,
src/content/kumite/introduction/types-of-kumite.en.md,kumite,markdown-content,en,types-of-kumite,high,not reviewed,
src/content/kumite/introduction/types-of-kumite.md,kumite,markdown-content,base,types-of-kumite,high,not reviewed,
src/content/kumite/introduction/what-is-kumite.en.md,kumite,markdown-content,en,what-is-kumite,high,not reviewed,
src/content/kumite/introduction/what-is-kumite.md,kumite,markdown-content,base,what-is-kumite,high,not reviewed,
src/content/kumite/introduction/what-is-kumite.nl.md,kumite,markdown-content,nl,what-is-kumite,high,not reviewed,
src/content/kumite/principles.md,kumite,markdown-content,base,principles,high,not reviewed,
src/content/kumite/techniques.md,kumite,markdown-content,base,techniques,high,not reviewed,
src/content/kumite/techniques/attack-techniques.md,kumite,markdown-content,base,attack-techniques,high,not reviewed,
src/content/kumite/techniques/defense-techniques.md,kumite,markdown-content,base,defense-techniques,high,not reviewed,
src/content/kumite/techniques/throwing-techniques.md,kumite,markdown-content,base,throwing-techniques,high,not reviewed,
src/content/kumite/training.md,kumite,markdown-content,base,training,high,not reviewed,
src/content/newaza/drills.md,newaza,markdown-content,base,drills,high,not reviewed,
src/content/newaza/ground-positions.md,newaza,markdown-content,base,ground-positions,high,not reviewed,
src/content/newaza/introduction.md,newaza,markdown-content,base,introduction,high,not reviewed,
src/content/newaza/kakie.md,newaza,markdown-content,base,kakie,high,not reviewed,
src/content/newaza/techniques.md,newaza,markdown-content,base,techniques,high,not reviewed,
src/content/newaza/training-elements.md,newaza,markdown-content,base,training-elements,high,not reviewed,
src/content/philosophy.md,philosophy.md,markdown-content,base,philosophy,low,not reviewed,
src/content/philosophy/dojo-kun.de.md,philosophy,markdown-content,de,dojo-kun,medium,not reviewed,
src/content/philosophy/dojo-kun.en.md,philosophy,markdown-content,en,dojo-kun,medium,not reviewed,
src/content/philosophy/dojo-kun.es.md,philosophy,markdown-content,es,dojo-kun,medium,not reviewed,
src/content/philosophy/dojo-kun.fr.md,philosophy,markdown-content,fr,dojo-kun,medium,not reviewed,
src/content/philosophy/dojo-kun.it.md,philosophy,markdown-content,it,dojo-kun,medium,not reviewed,
src/content/philosophy/dojo-kun.nl.md,philosophy,markdown-content,nl,dojo-kun,medium,not reviewed,
src/content/philosophy/goju-ryu.de.md,philosophy,markdown-content,de,goju-ryu,medium,not reviewed,
src/content/philosophy/goju-ryu.en.md,philosophy,markdown-content,en,goju-ryu,medium,not reviewed,
src/content/philosophy/goju-ryu.es.md,philosophy,markdown-content,es,goju-ryu,medium,not reviewed,
src/content/philosophy/goju-ryu.fr.md,philosophy,markdown-content,fr,goju-ryu,medium,not reviewed,
src/content/philosophy/goju-ryu.it.md,philosophy,markdown-content,it,goju-ryu,medium,not reviewed,
src/content/philosophy/goju-ryu.nl.md,philosophy,markdown-content,nl,goju-ryu,medium,not reviewed,
src/content/philosophy/hoei-juku-introduction.md,philosophy,markdown-content,base,hoei-juku-introduction,medium,not reviewed,
src/content/philosophy/hoei-juku-origins.md,philosophy,markdown-content,base,hoei-juku-origins,medium,not reviewed,
src/content/philosophy/hoei-juku-training.md,philosophy,markdown-content,base,hoei-juku-training,medium,not reviewed,
src/content/philosophy/karate-do.de.md,philosophy,markdown-content,de,karate-do,medium,not reviewed,
src/content/philosophy/karate-do.en.md,philosophy,markdown-content,en,karate-do,medium,not reviewed,
src/content/philosophy/karate-do.es.md,philosophy,markdown-content,es,karate-do,medium,not reviewed,
src/content/philosophy/karate-do.fr.md,philosophy,markdown-content,fr,karate-do,medium,not reviewed,
src/content/philosophy/karate-do.it.md,philosophy,markdown-content,it,karate-do,medium,not reviewed,
src/content/philosophy/karate-do.nl.md,philosophy,markdown-content,nl,karate-do,medium,not reviewed,
src/content/philosophy/mind-body.de.md,philosophy,markdown-content,de,mind-body,medium,not reviewed,
src/content/philosophy/mind-body.en.md,philosophy,markdown-content,en,mind-body,medium,not reviewed,
src/content/philosophy/mind-body.es.md,philosophy,markdown-content,es,mind-body,medium,not reviewed,
src/content/philosophy/mind-body.fr.md,philosophy,markdown-content,fr,mind-body,medium,not reviewed,
src/content/philosophy/mind-body.it.md,philosophy,markdown-content,it,mind-body,medium,not reviewed,
src/content/philosophy/mind-body.nl.md,philosophy,markdown-content,nl,mind-body,medium,not reviewed,
src/content/philosophy/respect.de.md,philosophy,markdown-content,de,respect,medium,not reviewed,
src/content/philosophy/respect.en.md,philosophy,markdown-content,en,respect,medium,not reviewed,
src/content/philosophy/respect.es.md,philosophy,markdown-content,es,respect,medium,not reviewed,
src/content/philosophy/respect.fr.md,philosophy,markdown-content,fr,respect,medium,not reviewed,
src/content/philosophy/respect.it.md,philosophy,markdown-content,it,respect,medium,not reviewed,
src/content/philosophy/respect.nl.md,philosophy,markdown-content,nl,respect,medium,not reviewed,
src/content/techniques/hoei-juku-stances.md,techniques,markdown-content,base,hoei-juku-stances,low,not reviewed,
src/content/techniques/hoei-juku-warmup.md,techniques,markdown-content,base,hoei-juku-warmup,low,not reviewed,
src/data/gekisai-dai-ichi.da.ts,data,data-module,da,gekisai-dai-ichi,high,not reviewed,
src/data/gekisai-dai-ichi.de.ts,data,data-module,de,gekisai-dai-ichi,high,not reviewed,
src/data/gekisai-dai-ichi.en.ts,data,data-module,en,gekisai-dai-ichi,high,not reviewed,
src/data/gekisai-dai-ichi.es.ts,data,data-module,es,gekisai-dai-ichi,high,not reviewed,
src/data/gekisai-dai-ichi.fr.ts,data,data-module,fr,gekisai-dai-ichi,high,not reviewed,
src/data/gekisai-dai-ichi.it.ts,data,data-module,it,gekisai-dai-ichi,high,not reviewed,
src/data/gekisai-dai-ichi.nl.ts,data,data-module,nl,gekisai-dai-ichi,high,not reviewed,
src/data/gekisai-dai-ichi.pt.ts,data,data-module,pt,gekisai-dai-ichi,high,not reviewed,
src/data/gekisai-dai-ichi.ts,data,data-module,base,gekisai-dai-ichi,high,not reviewed,
src/data/gekisai-dai-ni.da.ts,data,data-module,da,gekisai-dai-ni,high,not reviewed,
src/data/gekisai-dai-ni.de.ts,data,data-module,de,gekisai-dai-ni,high,not reviewed,
src/data/gekisai-dai-ni.en.ts,data,data-module,en,gekisai-dai-ni,high,not reviewed,
src/data/gekisai-dai-ni.es.ts,data,data-module,es,gekisai-dai-ni,high,not reviewed,
src/data/gekisai-dai-ni.fr.ts,data,data-module,fr,gekisai-dai-ni,high,not reviewed,
src/data/gekisai-dai-ni.it.ts,data,data-module,it,gekisai-dai-ni,high,not reviewed,
src/data/gekisai-dai-ni.nl.ts,data,data-module,nl,gekisai-dai-ni,high,not reviewed,
src/data/gekisai-dai-ni.pt.ts,data,data-module,pt,gekisai-dai-ni,high,not reviewed,
src/data/graduations/10th-kyu.json,graduations,data-json,base,10th-kyu,high,not reviewed,
src/data/graduations/10th-kyu.nl.json,graduations,data-json,nl,10th-kyu,high,not reviewed,
src/data/graduations/1st-kyu.json,graduations,data-json,base,1st-kyu,high,not reviewed,
src/data/graduations/1st-kyu.nl.json,graduations,data-json,nl,1st-kyu,high,not reviewed,
src/data/graduations/2nd-kyu.json,graduations,data-json,base,2nd-kyu,high,not reviewed,
src/data/graduations/2nd-kyu.nl.json,graduations,data-json,nl,2nd-kyu,high,not reviewed,
src/data/graduations/3rd-kyu.json,graduations,data-json,base,3rd-kyu,high,not reviewed,
src/data/graduations/3rd-kyu.nl.json,graduations,data-json,nl,3rd-kyu,high,not reviewed,
src/data/graduations/4th-kyu.json,graduations,data-json,base,4th-kyu,high,not reviewed,
src/data/graduations/4th-kyu.nl.json,graduations,data-json,nl,4th-kyu,high,not reviewed,
src/data/graduations/5th-kyu.json,graduations,data-json,base,5th-kyu,high,not reviewed,
src/data/graduations/5th-kyu.nl.json,graduations,data-json,nl,5th-kyu,high,not reviewed,
src/data/graduations/6th-kyu.json,graduations,data-json,base,6th-kyu,high,not reviewed,
src/data/graduations/6th-kyu.nl.json,graduations,data-json,nl,6th-kyu,high,not reviewed,
src/data/graduations/7th-kyu.json,graduations,data-json,base,7th-kyu,high,not reviewed,
src/data/graduations/7th-kyu.nl.json,graduations,data-json,nl,7th-kyu,high,not reviewed,
src/data/graduations/8th-kyu.json,graduations,data-json,base,8th-kyu,high,not reviewed,
src/data/graduations/8th-kyu.nl.json,graduations,data-json,nl,8th-kyu,high,not reviewed,
src/data/graduations/9th-kyu.json,graduations,data-json,base,9th-kyu,high,not reviewed,
src/data/graduations/9th-kyu.nl.json,graduations,data-json,nl,9th-kyu,high,not reviewed,
src/data/graduations/shodan.json,graduations,data-json,base,shodan,high,not reviewed,
src/data/graduations/shodan.nl.json,graduations,data-json,nl,shodan,high,not reviewed,
src/data/hojoUndoData.ts,data,data-module,base,hojoUndoData,high,not reviewed,
src/data/index.ts,data,data-module,base,index,high,not reviewed,
src/data/kururunfa.da.ts,data,data-module,da,kururunfa,high,not reviewed,
src/data/kururunfa.de.ts,data,data-module,de,kururunfa,high,not reviewed,
src/data/kururunfa.en.ts,data,data-module,en,kururunfa,high,not reviewed,
src/data/kururunfa.es.ts,data,data-module,es,kururunfa,high,not reviewed,
src/data/kururunfa.fr.ts,data,data-module,fr,kururunfa,high,not reviewed,
src/data/kururunfa.it.ts,data,data-module,it,kururunfa,high,not reviewed,
src/data/kururunfa.nl.ts,data,data-module,nl,kururunfa,high,not reviewed,
src/data/kururunfa.pt.ts,data,data-module,pt,kururunfa,high,not reviewed,
src/data/media.ts,data,data-module,base,media,high,not reviewed,
src/data/media/stanceImages.ts,data,data-module,base,stanceImages,high,not reviewed,
src/data/newazaData.ts,data,data-module,base,newazaData,high,not reviewed,
src/data/peichurin.pt.ts,data,data-module,pt,peichurin,high,not reviewed,
src/data/saifa.da.ts,data,data-module,da,saifa,high,not reviewed,
src/data/saifa.de.ts,data,data-module,de,saifa,high,not reviewed,
src/data/saifa.en.ts,data,data-module,en,saifa,high,not reviewed,
src/data/saifa.es.ts,data,data-module,es,saifa,high,not reviewed,
src/data/saifa.fr.ts,data,data-module,fr,saifa,high,not reviewed,
src/data/saifa.it.ts,data,data-module,it,saifa,high,not reviewed,
src/data/saifa.nl.ts,data,data-module,nl,saifa,high,not reviewed,
src/data/saifa.pt.ts,data,data-module,pt,saifa,high,not reviewed,
src/data/sanchin.da.ts,data,data-module,da,sanchin,high,not reviewed,
src/data/sanchin.de.ts,data,data-module,de,sanchin,high,not reviewed,
src/data/sanchin.en.ts,data,data-module,en,sanchin,high,not reviewed,
src/data/sanchin.es.ts,data,data-module,es,sanchin,high,not reviewed,
src/data/sanchin.fr.ts,data,data-module,fr,sanchin,high,not reviewed,
src/data/sanchin.it.ts,data,data-module,it,sanchin,high,not reviewed,
src/data/sanchin.nl.ts,data,data-module,nl,sanchin,high,not reviewed,
src/data/sanchin.pt.ts,data,data-module,pt,sanchin,high,not reviewed,
src/data/sanseru.da.ts,data,data-module,da,sanseru,high,not reviewed,
src/data/sanseru.de.ts,data,data-module,de,sanseru,high,not reviewed,
src/data/sanseru.en.ts,data,data-module,en,sanseru,high,not reviewed,
src/data/sanseru.es.ts,data,data-module,es,sanseru,high,not reviewed,
src/data/sanseru.fr.ts,data,data-module,fr,sanseru,high,not reviewed,
src/data/sanseru.it.ts,data,data-module,it,sanseru,high,not reviewed,
src/data/sanseru.nl.ts,data,data-module,nl,sanseru,high,not reviewed,
src/data/sanseru.pt.ts,data,data-module,pt,sanseru,high,not reviewed,
src/data/searchIndex.ts,data,data-module,base,searchIndex,high,not reviewed,
src/data/seiyunchin.da.ts,data,data-module,da,seiyunchin,high,not reviewed,
src/data/seiyunchin.de.ts,data,data-module,de,seiyunchin,high,not reviewed,
src/data/seiyunchin.en.ts,data,data-module,en,seiyunchin,high,not reviewed,
src/data/seiyunchin.es.ts,data,data-module,es,seiyunchin,high,not reviewed,
src/data/seiyunchin.fr.ts,data,data-module,fr,seiyunchin,high,not reviewed,
src/data/seiyunchin.it.ts,data,data-module,it,seiyunchin,high,not reviewed,
src/data/seiyunchin.nl.ts,data,data-module,nl,seiyunchin,high,not reviewed,
src/data/seiyunchin.pt.ts,data,data-module,pt,seiyunchin,high,not reviewed,
src/data/sepai.da.ts,data,data-module,da,sepai,high,not reviewed,
src/data/sepai.de.ts,data,data-module,de,sepai,high,not reviewed,
src/data/sepai.en.ts,data,data-module,en,sepai,high,not reviewed,
src/data/sepai.es.ts,data,data-module,es,sepai,high,not reviewed,
src/data/sepai.fr.ts,data,data-module,fr,sepai,high,not reviewed,
src/data/sepai.it.ts,data,data-module,it,sepai,high,not reviewed,
src/data/sepai.nl.ts,data,data-module,nl,sepai,high,not reviewed,
src/data/sepai.pt.ts,data,data-module,pt,sepai,high,not reviewed,
src/data/sesan.da.ts,data,data-module,da,sesan,high,not reviewed,
src/data/sesan.de.ts,data,data-module,de,sesan,high,not reviewed,
src/data/sesan.en.ts,data,data-module,en,sesan,high,not reviewed,
src/data/sesan.es.ts,data,data-module,es,sesan,high,not reviewed,
src/data/sesan.fr.ts,data,data-module,fr,sesan,high,not reviewed,
src/data/sesan.it.ts,data,data-module,it,sesan,high,not reviewed,
src/data/sesan.nl.ts,data,data-module,nl,sesan,high,not reviewed,
src/data/sesan.pt.ts,data,data-module,pt,sesan,high,not reviewed,
src/data/shisochin.da.ts,data,data-module,da,shisochin,high,not reviewed,
src/data/shisochin.de.ts,data,data-module,de,shisochin,high,not reviewed,
src/data/shisochin.en.ts,data,data-module,en,shisochin,high,not reviewed,
src/data/shisochin.es.ts,data,data-module,es,shisochin,high,not reviewed,
src/data/shisochin.fr.ts,data,data-module,fr,shisochin,high,not reviewed,
src/data/shisochin.it.ts,data,data-module,it,shisochin,high,not reviewed,
src/data/shisochin.nl.ts,data,data-module,nl,shisochin,high,not reviewed,
src/data/shisochin.pt.ts,data,data-module,pt,shisochin,high,not reviewed,
src/data/suparinpei.da.ts,data,data-module,da,suparinpei,high,not reviewed,
src/data/suparinpei.de.ts,data,data-module,de,suparinpei,high,not reviewed,
src/data/suparinpei.en.ts,data,data-module,en,suparinpei,high,not reviewed,
src/data/suparinpei.es.ts,data,data-module,es,suparinpei,high,not reviewed,
src/data/suparinpei.fr.ts,data,data-module,fr,suparinpei,high,not reviewed,
src/data/suparinpei.it.ts,data,data-module,it,suparinpei,high,not reviewed,
src/data/suparinpei.nl.ts,data,data-module,nl,suparinpei,high,not reviewed,
src/data/suparinpei.pt.ts,data,data-module,pt,suparinpei,high,not reviewed,
src/data/techniques.ts,data,data-module,base,techniques,high,not reviewed,
src/data/techniquesData.ts,data,data-module,base,techniquesData,high,not reviewed,
src/data/tensho.pt.ts,data,data-module,pt,tensho,high,not reviewed,
src/i18n/locales/da/about.json,translations,locale-json,da,about,medium,not reviewed,
src/i18n/locales/da/bunkai.json,translations,locale-json,da,bunkai,medium,not reviewed,
src/i18n/locales/da/common.json,translations,locale-json,da,common,medium,not reviewed,
src/i18n/locales/da/graduations.json,translations,locale-json,da,graduations,medium,not reviewed,
src/i18n/locales/da/history.json,translations,locale-json,da,history,medium,not reviewed,
src/i18n/locales/da/hojoUndo.json,translations,locale-json,da,hojoUndo,medium,not reviewed,
src/i18n/locales/da/home.json,translations,locale-json,da,home,medium,not reviewed,
src/i18n/locales/da/information.json,translations,locale-json,da,information,medium,not reviewed,
src/i18n/locales/da/junbi-undo.json,translations,locale-json,da,junbi-undo,medium,not reviewed,
src/i18n/locales/da/kakie.json,translations,locale-json,da,kakie,medium,not reviewed,
src/i18n/locales/da/kata.json,translations,locale-json,da,kata,medium,not reviewed,
src/i18n/locales/da/kata/gekisai-dai-ichi.json,translations,locale-json,da,kata/gekisai-dai-ichi,medium,not reviewed,
src/i18n/locales/da/kata/gekisai-dai-ni.json,translations,locale-json,da,kata/gekisai-dai-ni,medium,not reviewed,
src/i18n/locales/da/kata/kururunfa.json,translations,locale-json,da,kata/kururunfa,medium,not reviewed,
src/i18n/locales/da/kata/peichurin.json,translations,locale-json,da,kata/peichurin,medium,not reviewed,
src/i18n/locales/da/kata/saifa.json,translations,locale-json,da,kata/saifa,medium,not reviewed,
src/i18n/locales/da/kata/sanchin.json,translations,locale-json,da,kata/sanchin,medium,not reviewed,
src/i18n/locales/da/kata/sanseru.json,translations,locale-json,da,kata/sanseru,medium,not reviewed,
src/i18n/locales/da/kata/seiyunchin.json,translations,locale-json,da,kata/seiyunchin,medium,not reviewed,
src/i18n/locales/da/kata/sepai.json,translations,locale-json,da,kata/sepai,medium,not reviewed,
src/i18n/locales/da/kata/sesan.json,translations,locale-json,da,kata/sesan,medium,not reviewed,
src/i18n/locales/da/kata/shisochin.json,translations,locale-json,da,kata/shisochin,medium,not reviewed,
src/i18n/locales/da/kata/tensho.json,translations,locale-json,da,kata/tensho,medium,not reviewed,
src/i18n/locales/da/kumite.json,translations,locale-json,da,kumite,medium,not reviewed,
src/i18n/locales/da/newaza.json,translations,locale-json,da,newaza,medium,not reviewed,
src/i18n/locales/da/philosophy.json,translations,locale-json,da,philosophy,medium,not reviewed,
src/i18n/locales/da/practice.json,translations,locale-json,da,practice,medium,not reviewed,
src/i18n/locales/da/quiz.json,translations,locale-json,da,quiz,medium,not reviewed,
src/i18n/locales/da/search.json,translations,locale-json,da,search,medium,not reviewed,
src/i18n/locales/da/settings.json,translations,locale-json,da,settings,medium,not reviewed,
src/i18n/locales/da/study.json,translations,locale-json,da,study,medium,not reviewed,
src/i18n/locales/da/techniques.json,translations,locale-json,da,techniques,medium,not reviewed,
src/i18n/locales/da/terminology.json,translations,locale-json,da,terminology,medium,not reviewed,
src/i18n/locales/da/theory.json,translations,locale-json,da,theory,medium,not reviewed,
src/i18n/locales/da/vitalPoints.json,translations,locale-json,da,vitalPoints,medium,not reviewed,
src/i18n/locales/de/about.json,translations,locale-json,de,about,medium,not reviewed,
src/i18n/locales/de/bunkai.json,translations,locale-json,de,bunkai,medium,not reviewed,
src/i18n/locales/de/common.json,translations,locale-json,de,common,medium,not reviewed,
src/i18n/locales/de/graduations.json,translations,locale-json,de,graduations,medium,not reviewed,
src/i18n/locales/de/history.json,translations,locale-json,de,history,medium,not reviewed,
src/i18n/locales/de/hojoUndo.json,translations,locale-json,de,hojoUndo,medium,not reviewed,
src/i18n/locales/de/home.json,translations,locale-json,de,home,medium,not reviewed,
src/i18n/locales/de/information.json,translations,locale-json,de,information,medium,not reviewed,
src/i18n/locales/de/junbi-undo.json,translations,locale-json,de,junbi-undo,medium,not reviewed,
src/i18n/locales/de/kakie.json,translations,locale-json,de,kakie,medium,not reviewed,
src/i18n/locales/de/kata.json,translations,locale-json,de,kata,medium,not reviewed,
src/i18n/locales/de/kata/gekisai-dai-ichi.json,translations,locale-json,de,kata/gekisai-dai-ichi,medium,not reviewed,
src/i18n/locales/de/kata/gekisai-dai-ni.json,translations,locale-json,de,kata/gekisai-dai-ni,medium,not reviewed,
src/i18n/locales/de/kata/kururunfa.json,translations,locale-json,de,kata/kururunfa,medium,not reviewed,
src/i18n/locales/de/kata/peichurin.json,translations,locale-json,de,kata/peichurin,medium,not reviewed,
src/i18n/locales/de/kata/saifa.json,translations,locale-json,de,kata/saifa,medium,not reviewed,
src/i18n/locales/de/kata/sanchin.json,translations,locale-json,de,kata/sanchin,medium,not reviewed,
src/i18n/locales/de/kata/sanseru.json,translations,locale-json,de,kata/sanseru,medium,not reviewed,
src/i18n/locales/de/kata/seiyunchin.json,translations,locale-json,de,kata/seiyunchin,medium,not reviewed,
src/i18n/locales/de/kata/sepai.json,translations,locale-json,de,kata/sepai,medium,not reviewed,
src/i18n/locales/de/kata/sesan.json,translations,locale-json,de,kata/sesan,medium,not reviewed,
src/i18n/locales/de/kata/shisochin.json,translations,locale-json,de,kata/shisochin,medium,not reviewed,
src/i18n/locales/de/kata/tensho.json,translations,locale-json,de,kata/tensho,medium,not reviewed,
src/i18n/locales/de/kumite.json,translations,locale-json,de,kumite,medium,not reviewed,
src/i18n/locales/de/newaza.json,translations,locale-json,de,newaza,medium,not reviewed,
src/i18n/locales/de/philosophy.json,translations,locale-json,de,philosophy,medium,not reviewed,
src/i18n/locales/de/practice.json,translations,locale-json,de,practice,medium,not reviewed,
src/i18n/locales/de/quiz.json,translations,locale-json,de,quiz,medium,not reviewed,
src/i18n/locales/de/search.json,translations,locale-json,de,search,medium,not reviewed,
src/i18n/locales/de/settings.json,translations,locale-json,de,settings,medium,not reviewed,
src/i18n/locales/de/study.json,translations,locale-json,de,study,medium,not reviewed,
src/i18n/locales/de/techniques.json,translations,locale-json,de,techniques,medium,not reviewed,
src/i18n/locales/de/terminology.json,translations,locale-json,de,terminology,medium,not reviewed,
src/i18n/locales/de/theory.json,translations,locale-json,de,theory,medium,not reviewed,
src/i18n/locales/de/vitalPoints.json,translations,locale-json,de,vitalPoints,medium,not reviewed,
src/i18n/locales/en/about.json,translations,locale-json,en,about,medium,not reviewed,
src/i18n/locales/en/bunkai.json,translations,locale-json,en,bunkai,medium,not reviewed,
src/i18n/locales/en/common.json,translations,locale-json,en,common,medium,not reviewed,
src/i18n/locales/en/graduations.json,translations,locale-json,en,graduations,medium,not reviewed,
src/i18n/locales/en/history.json,translations,locale-json,en,history,medium,not reviewed,
src/i18n/locales/en/hojoUndo.json,translations,locale-json,en,hojoUndo,medium,not reviewed,
src/i18n/locales/en/home.json,translations,locale-json,en,home,medium,not reviewed,
src/i18n/locales/en/information.json,translations,locale-json,en,information,medium,not reviewed,
src/i18n/locales/en/junbi-undo.json,translations,locale-json,en,junbi-undo,medium,not reviewed,
src/i18n/locales/en/kakie.json,translations,locale-json,en,kakie,medium,not reviewed,
src/i18n/locales/en/kata.json,translations,locale-json,en,kata,medium,not reviewed,
src/i18n/locales/en/kata/gekisai-dai-ichi.json,translations,locale-json,en,kata/gekisai-dai-ichi,medium,not reviewed,
src/i18n/locales/en/kata/gekisai-dai-ni.json,translations,locale-json,en,kata/gekisai-dai-ni,medium,not reviewed,
src/i18n/locales/en/kata/kururunfa.json,translations,locale-json,en,kata/kururunfa,medium,not reviewed,
src/i18n/locales/en/kata/peichurin.json,translations,locale-json,en,kata/peichurin,medium,not reviewed,
src/i18n/locales/en/kata/saifa.json,translations,locale-json,en,kata/saifa,medium,not reviewed,
src/i18n/locales/en/kata/sanchin.json,translations,locale-json,en,kata/sanchin,medium,not reviewed,
src/i18n/locales/en/kata/sanseru.json,translations,locale-json,en,kata/sanseru,medium,not reviewed,
src/i18n/locales/en/kata/seiyunchin.json,translations,locale-json,en,kata/seiyunchin,medium,not reviewed,
src/i18n/locales/en/kata/sepai.json,translations,locale-json,en,kata/sepai,medium,not reviewed,
src/i18n/locales/en/kata/sesan.json,translations,locale-json,en,kata/sesan,medium,not reviewed,
src/i18n/locales/en/kata/shisochin.json,translations,locale-json,en,kata/shisochin,medium,not reviewed,
src/i18n/locales/en/kata/tensho.json,translations,locale-json,en,kata/tensho,medium,not reviewed,
src/i18n/locales/en/kumite.json,translations,locale-json,en,kumite,medium,not reviewed,
src/i18n/locales/en/newaza.json,translations,locale-json,en,newaza,medium,not reviewed,
src/i18n/locales/en/philosophy.json,translations,locale-json,en,philosophy,medium,not reviewed,
src/i18n/locales/en/practice.json,translations,locale-json,en,practice,medium,not reviewed,
src/i18n/locales/en/quiz.json,translations,locale-json,en,quiz,medium,not reviewed,
src/i18n/locales/en/search.json,translations,locale-json,en,search,medium,not reviewed,
src/i18n/locales/en/settings.json,translations,locale-json,en,settings,medium,not reviewed,
src/i18n/locales/en/study.json,translations,locale-json,en,study,medium,not reviewed,
src/i18n/locales/en/techniques.json,translations,locale-json,en,techniques,medium,not reviewed,
src/i18n/locales/en/terminology.json,translations,locale-json,en,terminology,medium,not reviewed,
src/i18n/locales/en/theory.json,translations,locale-json,en,theory,medium,not reviewed,
src/i18n/locales/en/vitalPoints.json,translations,locale-json,en,vitalPoints,medium,not reviewed,
src/i18n/locales/es/about.json,translations,locale-json,es,about,medium,not reviewed,
src/i18n/locales/es/bunkai.json,translations,locale-json,es,bunkai,medium,not reviewed,
src/i18n/locales/es/common.json,translations,locale-json,es,common,medium,not reviewed,
src/i18n/locales/es/graduations.json,translations,locale-json,es,graduations,medium,not reviewed,
src/i18n/locales/es/history.json,translations,locale-json,es,history,medium,not reviewed,
src/i18n/locales/es/hojoUndo.json,translations,locale-json,es,hojoUndo,medium,not reviewed,
src/i18n/locales/es/home.json,translations,locale-json,es,home,medium,not reviewed,
src/i18n/locales/es/information.json,translations,locale-json,es,information,medium,not reviewed,
src/i18n/locales/es/junbi-undo.json,translations,locale-json,es,junbi-undo,medium,not reviewed,
src/i18n/locales/es/kakie.json,translations,locale-json,es,kakie,medium,not reviewed,
src/i18n/locales/es/kata.json,translations,locale-json,es,kata,medium,not reviewed,
src/i18n/locales/es/kata/gekisai-dai-ichi.json,translations,locale-json,es,kata/gekisai-dai-ichi,medium,not reviewed,
src/i18n/locales/es/kata/gekisai-dai-ni.json,translations,locale-json,es,kata/gekisai-dai-ni,medium,not reviewed,
src/i18n/locales/es/kata/kururunfa.json,translations,locale-json,es,kata/kururunfa,medium,not reviewed,
src/i18n/locales/es/kata/peichurin.json,translations,locale-json,es,kata/peichurin,medium,not reviewed,
src/i18n/locales/es/kata/saifa.json,translations,locale-json,es,kata/saifa,medium,not reviewed,
src/i18n/locales/es/kata/sanchin.json,translations,locale-json,es,kata/sanchin,medium,not reviewed,
src/i18n/locales/es/kata/sanseru.json,translations,locale-json,es,kata/sanseru,medium,not reviewed,
src/i18n/locales/es/kata/seiyunchin.json,translations,locale-json,es,kata/seiyunchin,medium,not reviewed,
src/i18n/locales/es/kata/sepai.json,translations,locale-json,es,kata/sepai,medium,not reviewed,
src/i18n/locales/es/kata/sesan.json,translations,locale-json,es,kata/sesan,medium,not reviewed,
src/i18n/locales/es/kata/shisochin.json,translations,locale-json,es,kata/shisochin,medium,not reviewed,
src/i18n/locales/es/kata/tensho.json,translations,locale-json,es,kata/tensho,medium,not reviewed,
src/i18n/locales/es/kumite.json,translations,locale-json,es,kumite,medium,not reviewed,
src/i18n/locales/es/newaza.json,translations,locale-json,es,newaza,medium,not reviewed,
src/i18n/locales/es/philosophy.json,translations,locale-json,es,philosophy,medium,not reviewed,
src/i18n/locales/es/practice.json,translations,locale-json,es,practice,medium,not reviewed,
src/i18n/locales/es/quiz.json,translations,locale-json,es,quiz,medium,not reviewed,
src/i18n/locales/es/search.json,translations,locale-json,es,search,medium,not reviewed,
src/i18n/locales/es/settings.json,translations,locale-json,es,settings,medium,not reviewed,
src/i18n/locales/es/study.json,translations,locale-json,es,study,medium,not reviewed,
src/i18n/locales/es/techniques.json,translations,locale-json,es,techniques,medium,not reviewed,
src/i18n/locales/es/terminology.json,translations,locale-json,es,terminology,medium,not reviewed,
src/i18n/locales/es/theory.json,translations,locale-json,es,theory,medium,not reviewed,
src/i18n/locales/es/vitalPoints.json,translations,locale-json,es,vitalPoints,medium,not reviewed,
src/i18n/locales/fr/about.json,translations,locale-json,fr,about,medium,not reviewed,
src/i18n/locales/fr/bunkai.json,translations,locale-json,fr,bunkai,medium,not reviewed,
src/i18n/locales/fr/common.json,translations,locale-json,fr,common,medium,not reviewed,
src/i18n/locales/fr/graduations.json,translations,locale-json,fr,graduations,medium,not reviewed,
src/i18n/locales/fr/history.json,translations,locale-json,fr,history,medium,not reviewed,
src/i18n/locales/fr/hojoUndo.json,translations,locale-json,fr,hojoUndo,medium,not reviewed,
src/i18n/locales/fr/home.json,translations,locale-json,fr,home,medium,not reviewed,
src/i18n/locales/fr/information.json,translations,locale-json,fr,information,medium,not reviewed,
src/i18n/locales/fr/junbi-undo.json,translations,locale-json,fr,junbi-undo,medium,not reviewed,
src/i18n/locales/fr/kakie.json,translations,locale-json,fr,kakie,medium,not reviewed,
src/i18n/locales/fr/kata.json,translations,locale-json,fr,kata,medium,not reviewed,
src/i18n/locales/fr/kata/gekisai-dai-ichi.json,translations,locale-json,fr,kata/gekisai-dai-ichi,medium,not reviewed,
src/i18n/locales/fr/kata/gekisai-dai-ni.json,translations,locale-json,fr,kata/gekisai-dai-ni,medium,not reviewed,
src/i18n/locales/fr/kata/kururunfa.json,translations,locale-json,fr,kata/kururunfa,medium,not reviewed,
src/i18n/locales/fr/kata/peichurin.json,translations,locale-json,fr,kata/peichurin,medium,not reviewed,
src/i18n/locales/fr/kata/saifa.json,translations,locale-json,fr,kata/saifa,medium,not reviewed,
src/i18n/locales/fr/kata/sanchin.json,translations,locale-json,fr,kata/sanchin,medium,not reviewed,
src/i18n/locales/fr/kata/sanseru.json,translations,locale-json,fr,kata/sanseru,medium,not reviewed,
src/i18n/locales/fr/kata/seiyunchin.json,translations,locale-json,fr,kata/seiyunchin,medium,not reviewed,
src/i18n/locales/fr/kata/sepai.json,translations,locale-json,fr,kata/sepai,medium,not reviewed,
src/i18n/locales/fr/kata/sesan.json,translations,locale-json,fr,kata/sesan,medium,not reviewed,
src/i18n/locales/fr/kata/shisochin.json,translations,locale-json,fr,kata/shisochin,medium,not reviewed,
src/i18n/locales/fr/kata/tensho.json,translations,locale-json,fr,kata/tensho,medium,not reviewed,
src/i18n/locales/fr/kumite.json,translations,locale-json,fr,kumite,medium,not reviewed,
src/i18n/locales/fr/newaza.json,translations,locale-json,fr,newaza,medium,not reviewed,
src/i18n/locales/fr/philosophy.json,translations,locale-json,fr,philosophy,medium,not reviewed,
src/i18n/locales/fr/practice.json,translations,locale-json,fr,practice,medium,not reviewed,
src/i18n/locales/fr/quiz.json,translations,locale-json,fr,quiz,medium,not reviewed,
src/i18n/locales/fr/search.json,translations,locale-json,fr,search,medium,not reviewed,
src/i18n/locales/fr/settings.json,translations,locale-json,fr,settings,medium,not reviewed,
src/i18n/locales/fr/study.json,translations,locale-json,fr,study,medium,not reviewed,
src/i18n/locales/fr/techniques.json,translations,locale-json,fr,techniques,medium,not reviewed,
src/i18n/locales/fr/terminology.json,translations,locale-json,fr,terminology,medium,not reviewed,
src/i18n/locales/fr/theory.json,translations,locale-json,fr,theory,medium,not reviewed,
src/i18n/locales/fr/vitalPoints.json,translations,locale-json,fr,vitalPoints,medium,not reviewed,
src/i18n/locales/it/about.json,translations,locale-json,it,about,medium,not reviewed,
src/i18n/locales/it/bunkai.json,translations,locale-json,it,bunkai,medium,not reviewed,
src/i18n/locales/it/common.json,translations,locale-json,it,common,medium,not reviewed,
src/i18n/locales/it/graduations.json,translations,locale-json,it,graduations,medium,not reviewed,
src/i18n/locales/it/history.json,translations,locale-json,it,history,medium,not reviewed,
src/i18n/locales/it/hojoUndo.json,translations,locale-json,it,hojoUndo,medium,not reviewed,
src/i18n/locales/it/home.json,translations,locale-json,it,home,medium,not reviewed,
src/i18n/locales/it/information.json,translations,locale-json,it,information,medium,not reviewed,
src/i18n/locales/it/junbi-undo.json,translations,locale-json,it,junbi-undo,medium,not reviewed,
src/i18n/locales/it/kakie.json,translations,locale-json,it,kakie,medium,not reviewed,
src/i18n/locales/it/kata.json,translations,locale-json,it,kata,medium,not reviewed,
src/i18n/locales/it/kata/gekisai-dai-ichi.json,translations,locale-json,it,kata/gekisai-dai-ichi,medium,not reviewed,
src/i18n/locales/it/kata/gekisai-dai-ni.json,translations,locale-json,it,kata/gekisai-dai-ni,medium,not reviewed,
src/i18n/locales/it/kata/kururunfa.json,translations,locale-json,it,kata/kururunfa,medium,not reviewed,
src/i18n/locales/it/kata/peichurin.json,translations,locale-json,it,kata/peichurin,medium,not reviewed,
src/i18n/locales/it/kata/saifa.json,translations,locale-json,it,kata/saifa,medium,not reviewed,
src/i18n/locales/it/kata/sanchin.json,translations,locale-json,it,kata/sanchin,medium,not reviewed,
src/i18n/locales/it/kata/sanseru.json,translations,locale-json,it,kata/sanseru,medium,not reviewed,
src/i18n/locales/it/kata/seiyunchin.json,translations,locale-json,it,kata/seiyunchin,medium,not reviewed,
src/i18n/locales/it/kata/sepai.json,translations,locale-json,it,kata/sepai,medium,not reviewed,
src/i18n/locales/it/kata/sesan.json,translations,locale-json,it,kata/sesan,medium,not reviewed,
src/i18n/locales/it/kata/shisochin.json,translations,locale-json,it,kata/shisochin,medium,not reviewed,
src/i18n/locales/it/kata/tensho.json,translations,locale-json,it,kata/tensho,medium,not reviewed,
src/i18n/locales/it/kumite.json,translations,locale-json,it,kumite,medium,not reviewed,
src/i18n/locales/it/newaza.json,translations,locale-json,it,newaza,medium,not reviewed,
src/i18n/locales/it/philosophy.json,translations,locale-json,it,philosophy,medium,not reviewed,
src/i18n/locales/it/practice.json,translations,locale-json,it,practice,medium,not reviewed,
src/i18n/locales/it/quiz.json,translations,locale-json,it,quiz,medium,not reviewed,
src/i18n/locales/it/search.json,translations,locale-json,it,search,medium,not reviewed,
src/i18n/locales/it/settings.json,translations,locale-json,it,settings,medium,not reviewed,
src/i18n/locales/it/study.json,translations,locale-json,it,study,medium,not reviewed,
src/i18n/locales/it/techniques.json,translations,locale-json,it,techniques,medium,not reviewed,
src/i18n/locales/it/terminology.json,translations,locale-json,it,terminology,medium,not reviewed,
src/i18n/locales/it/theory.json,translations,locale-json,it,theory,medium,not reviewed,
src/i18n/locales/it/vitalPoints.json,translations,locale-json,it,vitalPoints,medium,not reviewed,
src/i18n/locales/nl/about.json,translations,locale-json,nl,about,medium,not reviewed,
src/i18n/locales/nl/bunkai.json,translations,locale-json,nl,bunkai,medium,not reviewed,
src/i18n/locales/nl/common.json,translations,locale-json,nl,common,medium,not reviewed,
src/i18n/locales/nl/graduations.json,translations,locale-json,nl,graduations,medium,not reviewed,
src/i18n/locales/nl/history.json,translations,locale-json,nl,history,medium,not reviewed,
src/i18n/locales/nl/hojoUndo.json,translations,locale-json,nl,hojoUndo,medium,not reviewed,
src/i18n/locales/nl/home.json,translations,locale-json,nl,home,medium,not reviewed,
src/i18n/locales/nl/information.json,translations,locale-json,nl,information,medium,not reviewed,
src/i18n/locales/nl/junbi-undo.json,translations,locale-json,nl,junbi-undo,medium,not reviewed,
src/i18n/locales/nl/kakie.json,translations,locale-json,nl,kakie,medium,not reviewed,
src/i18n/locales/nl/kata.json,translations,locale-json,nl,kata,medium,not reviewed,
src/i18n/locales/nl/kata/gekisai-dai-ichi.json,translations,locale-json,nl,kata/gekisai-dai-ichi,medium,not reviewed,
src/i18n/locales/nl/kata/gekisai-dai-ni.json,translations,locale-json,nl,kata/gekisai-dai-ni,medium,not reviewed,
src/i18n/locales/nl/kata/kururunfa.json,translations,locale-json,nl,kata/kururunfa,medium,not reviewed,
src/i18n/locales/nl/kata/peichurin.json,translations,locale-json,nl,kata/peichurin,medium,not reviewed,
src/i18n/locales/nl/kata/saifa.json,translations,locale-json,nl,kata/saifa,medium,not reviewed,
src/i18n/locales/nl/kata/sanchin.json,translations,locale-json,nl,kata/sanchin,medium,not reviewed,
src/i18n/locales/nl/kata/sanseru.json,translations,locale-json,nl,kata/sanseru,medium,not reviewed,
src/i18n/locales/nl/kata/seiyunchin.json,translations,locale-json,nl,kata/seiyunchin,medium,not reviewed,
src/i18n/locales/nl/kata/sepai.json,translations,locale-json,nl,kata/sepai,medium,not reviewed,
src/i18n/locales/nl/kata/sesan.json,translations,locale-json,nl,kata/sesan,medium,not reviewed,
src/i18n/locales/nl/kata/shisochin.json,translations,locale-json,nl,kata/shisochin,medium,not reviewed,
src/i18n/locales/nl/kata/tensho.json,translations,locale-json,nl,kata/tensho,medium,not reviewed,
src/i18n/locales/nl/kumite.json,translations,locale-json,nl,kumite,medium,not reviewed,
src/i18n/locales/nl/newaza.json,translations,locale-json,nl,newaza,medium,not reviewed,
src/i18n/locales/nl/philosophy.json,translations,locale-json,nl,philosophy,medium,not reviewed,
src/i18n/locales/nl/practice.json,translations,locale-json,nl,practice,medium,not reviewed,
src/i18n/locales/nl/quiz.json,translations,locale-json,nl,quiz,medium,not reviewed,
src/i18n/locales/nl/search.json,translations,locale-json,nl,search,medium,not reviewed,
src/i18n/locales/nl/settings.json,translations,locale-json,nl,settings,medium,not reviewed,
src/i18n/locales/nl/study.json,translations,locale-json,nl,study,medium,not reviewed,
src/i18n/locales/nl/techniques.json,translations,locale-json,nl,techniques,medium,not reviewed,
src/i18n/locales/nl/terminology.json,translations,locale-json,nl,terminology,medium,not reviewed,
src/i18n/locales/nl/theory.json,translations,locale-json,nl,theory,medium,not reviewed,
src/i18n/locales/nl/vitalPoints.json,translations,locale-json,nl,vitalPoints,medium,not reviewed,
src/i18n/locales/pt/about.json,translations,locale-json,pt,about,medium,not reviewed,
src/i18n/locales/pt/bunkai.json,translations,locale-json,pt,bunkai,medium,not reviewed,
src/i18n/locales/pt/common.json,translations,locale-json,pt,common,medium,not reviewed,
src/i18n/locales/pt/graduations.json,translations,locale-json,pt,graduations,medium,not reviewed,
src/i18n/locales/pt/history.json,translations,locale-json,pt,history,medium,not reviewed,
src/i18n/locales/pt/hojoUndo.json,translations,locale-json,pt,hojoUndo,medium,not reviewed,
src/i18n/locales/pt/home.json,translations,locale-json,pt,home,medium,not reviewed,
src/i18n/locales/pt/information.json,translations,locale-json,pt,information,medium,not reviewed,
src/i18n/locales/pt/junbi-undo.json,translations,locale-json,pt,junbi-undo,medium,not reviewed,
src/i18n/locales/pt/kakie.json,translations,locale-json,pt,kakie,medium,not reviewed,
src/i18n/locales/pt/kata.json,translations,locale-json,pt,kata,medium,not reviewed,
src/i18n/locales/pt/kata/gekisai-dai-ichi.json,translations,locale-json,pt,kata/gekisai-dai-ichi,medium,not reviewed,
src/i18n/locales/pt/kata/gekisai-dai-ni.json,translations,locale-json,pt,kata/gekisai-dai-ni,medium,not reviewed,
src/i18n/locales/pt/kata/kururunfa.json,translations,locale-json,pt,kata/kururunfa,medium,not reviewed,
src/i18n/locales/pt/kata/peichurin.json,translations,locale-json,pt,kata/peichurin,medium,not reviewed,
src/i18n/locales/pt/kata/saifa.json,translations,locale-json,pt,kata/saifa,medium,not reviewed,
src/i18n/locales/pt/kata/sanchin.json,translations,locale-json,pt,kata/sanchin,medium,not reviewed,
src/i18n/locales/pt/kata/sanseru.json,translations,locale-json,pt,kata/sanseru,medium,not reviewed,
src/i18n/locales/pt/kata/seiyunchin.json,translations,locale-json,pt,kata/seiyunchin,medium,not reviewed,
src/i18n/locales/pt/kata/sepai.json,translations,locale-json,pt,kata/sepai,medium,not reviewed,
src/i18n/locales/pt/kata/sesan.json,translations,locale-json,pt,kata/sesan,medium,not reviewed,
src/i18n/locales/pt/kata/shisochin.json,translations,locale-json,pt,kata/shisochin,medium,not reviewed,
src/i18n/locales/pt/kata/tensho.json,translations,locale-json,pt,kata/tensho,medium,not reviewed,
src/i18n/locales/pt/kumite.json,translations,locale-json,pt,kumite,medium,not reviewed,
src/i18n/locales/pt/newaza.json,translations,locale-json,pt,newaza,medium,not reviewed,
src/i18n/locales/pt/philosophy.json,translations,locale-json,pt,philosophy,medium,not reviewed,
src/i18n/locales/pt/practice.json,translations,locale-json,pt,practice,medium,not reviewed,
src/i18n/locales/pt/quiz.json,translations,locale-json,pt,quiz,medium,not reviewed,
src/i18n/locales/pt/search.json,translations,locale-json,pt,search,medium,not reviewed,
src/i18n/locales/pt/settings.json,translations,locale-json,pt,settings,medium,not reviewed,
src/i18n/locales/pt/study.json,translations,locale-json,pt,study,medium,not reviewed,
src/i18n/locales/pt/techniques.json,translations,locale-json,pt,techniques,medium,not reviewed,
src/i18n/locales/pt/terminology.json,translations,locale-json,pt,terminology,medium,not reviewed,
src/i18n/locales/pt/theory.json,translations,locale-json,pt,theory,medium,not reviewed,
src/i18n/locales/pt/vitalPoints.json,translations,locale-json,pt,vitalPoints,medium,not reviewed,
