issue_type,reference,source_file,target_file,notes
public-media-not-found-in-text-scan,/Images/blocks/age-uke.gif,,public/Images/blocks/age-uke.gif,May still be loaded dynamically; verify before removing.
public-media-not-found-in-text-scan,/Images/blocks/gedan-barai.gif,,public/Images/blocks/gedan-barai.gif,May still be loaded dynamically; verify before removing.
public-media-not-found-in-text-scan,/Images/blocks/soto-uke.gif,,public/Images/blocks/soto-uke.gif,May still be loaded dynamically; verify before removing.
public-media-not-found-in-text-scan,/Images/goju.png,,public/Images/goju.png,May still be loaded dynamically; verify before removing.
public-media-not-found-in-text-scan,/Images/hojo-undo/doubleHandleChiishi.png,,public/Images/hojo-undo/doubleHandleChiishi.png,May still be loaded dynamically; verify before removing.
public-media-not-found-in-text-scan,/Images/hojo-undo/makiage.png,,public/Images/hojo-undo/makiage.png,May still be loaded dynamically; verify before removing.
public-media-not-found-in-text-scan,/Images/hojo-undo/supplemental.png,,public/Images/hojo-undo/supplemental.png,May still be loaded dynamically; verify before removing.
public-media-not-found-in-text-scan,/Images/hojo-undo/ton.png,,public/Images/hojo-undo/ton.png,May still be loaded dynamically; verify before removing.
public-media-not-found-in-text-scan,/Images/hojo-undo/udeKetae.png,,public/Images/hojo-undo/udeKetae.png,May still be loaded dynamically; verify before removing.
public-media-not-found-in-text-scan,/Images/JunbiUndo/page_10_image_1.png,,public/Images/JunbiUndo/page_10_image_1.png,May still be loaded dynamically; verify before removing.
public-media-not-found-in-text-scan,/Images/JunbiUndo/page_11_image_1.png,,public/Images/JunbiUndo/page_11_image_1.png,May still be loaded dynamically; verify before removing.
public-media-not-found-in-text-scan,/Images/JunbiUndo/page_12_image_1.png,,public/Images/JunbiUndo/page_12_image_1.png,May still be loaded dynamically; verify before removing.
public-media-not-found-in-text-scan,/Images/JunbiUndo/page_13_image_1.png,,public/Images/JunbiUndo/page_13_image_1.png,May still be loaded dynamically; verify before removing.
public-media-not-found-in-text-scan,/Images/JunbiUndo/page_14_image_1.png,,public/Images/JunbiUndo/page_14_image_1.png,May still be loaded dynamically; verify before removing.
public-media-not-found-in-text-scan,/Images/JunbiUndo/page_16_image_1.png,,public/Images/JunbiUndo/page_16_image_1.png,May still be loaded dynamically; verify before removing.
public-media-not-found-in-text-scan,/Images/JunbiUndo/page_17_image_1.png,,public/Images/JunbiUndo/page_17_image_1.png,May still be loaded dynamically; verify before removing.
public-media-not-found-in-text-scan,/Images/JunbiUndo/page_19_image_1.png,,public/Images/JunbiUndo/page_19_image_1.png,May still be loaded dynamically; verify before removing.
public-media-not-found-in-text-scan,/Images/JunbiUndo/page_3_image_1.png,,public/Images/JunbiUndo/page_3_image_1.png,May still be loaded dynamically; verify before removing.
public-media-not-found-in-text-scan,/Images/JunbiUndo/page_5_image_1.png,,public/Images/JunbiUndo/page_5_image_1.png,May still be loaded dynamically; verify before removing.
public-media-not-found-in-text-scan,/Images/JunbiUndo/page_5_image_1a.png,,public/Images/JunbiUndo/page_5_image_1a.png,May still be loaded dynamically; verify before removing.
public-media-not-found-in-text-scan,/Images/JunbiUndo/page_6_image_1.png,,public/Images/JunbiUndo/page_6_image_1.png,May still be loaded dynamically; verify before removing.
public-media-not-found-in-text-scan,/Images/JunbiUndo/page_6_image_1a.png,,public/Images/JunbiUndo/page_6_image_1a.png,May still be loaded dynamically; verify before removing.
public-media-not-found-in-text-scan,/Images/JunbiUndo/page_7_image_1.png,,public/Images/JunbiUndo/page_7_image_1.png,May still be loaded dynamically; verify before removing.
public-media-not-found-in-text-scan,/Images/JunbiUndo/page_8_image_1.png,,public/Images/JunbiUndo/page_8_image_1.png,May still be loaded dynamically; verify before removing.
public-media-not-found-in-text-scan,/Images/JunbiUndo/page_9_image_1.png,,public/Images/JunbiUndo/page_9_image_1.png,May still be loaded dynamically; verify before removing.
public-media-not-found-in-text-scan,/Images/Kata/gekisai-dai-ni-1.png,,public/Images/Kata/gekisai-dai-ni-1.png,May still be loaded dynamically; verify before removing.
public-media-not-found-in-text-scan,/Images/Kata/Kata1.png,,public/Images/Kata/Kata1.png,May still be loaded dynamically; verify before removing.
public-media-not-found-in-text-scan,/Images/Kata/Kata2.png,,public/Images/Kata/Kata2.png,May still be loaded dynamically; verify before removing.
public-media-not-found-in-text-scan,/Images/Kata/Kata3.png,,public/Images/Kata/Kata3.png,May still be loaded dynamically; verify before removing.
public-media-not-found-in-text-scan,/Images/Kata/Saifa1.png,,public/Images/Kata/Saifa1.png,May still be loaded dynamically; verify before removing.
public-media-not-found-in-text-scan,/Images/Kata/Saifa2.png,,public/Images/Kata/Saifa2.png,May still be loaded dynamically; verify before removing.
public-media-not-found-in-text-scan,/Images/Kata/Saifa3.png,,public/Images/Kata/Saifa3.png,May still be loaded dynamically; verify before removing.
public-media-not-found-in-text-scan,/Images/Kata/Saifa4.png,,public/Images/Kata/Saifa4.png,May still be loaded dynamically; verify before removing.
public-media-not-found-in-text-scan,/Images/Kata/Saifa5.png,,public/Images/Kata/Saifa5.png,May still be loaded dynamically; verify before removing.
public-media-not-found-in-text-scan,/Images/Kata/Saifa6.png,,public/Images/Kata/Saifa6.png,May still be loaded dynamically; verify before removing.
public-media-not-found-in-text-scan,/Images/Kata/Saifa7.png,,public/Images/Kata/Saifa7.png,May still be loaded dynamically; verify before removing.
public-media-not-found-in-text-scan,/Images/Kata/Sanseru1.png,,public/Images/Kata/Sanseru1.png,May still be loaded dynamically; verify before removing.
public-media-not-found-in-text-scan,/Images/Kata/Sanseru2.png,,public/Images/Kata/Sanseru2.png,May still be loaded dynamically; verify before removing.
public-media-not-found-in-text-scan,/Images/Kata/Sanseru3.png,,public/Images/Kata/Sanseru3.png,May still be loaded dynamically; verify before removing.
public-media-not-found-in-text-scan,/Images/Kata/Sanseru4.png,,public/Images/Kata/Sanseru4.png,May still be loaded dynamically; verify before removing.
public-media-not-found-in-text-scan,/Images/Kata/Sanseru5.png,,public/Images/Kata/Sanseru5.png,May still be loaded dynamically; verify before removing.
public-media-not-found-in-text-scan,/Images/Kata/Seiyunchin1.png,,public/Images/Kata/Seiyunchin1.png,May still be loaded dynamically; verify before removing.
public-media-not-found-in-text-scan,/Images/Kata/Seiyunchin10.png,,public/Images/Kata/Seiyunchin10.png,May still be loaded dynamically; verify before removing.
public-media-not-found-in-text-scan,/Images/Kata/Seiyunchin11.png,,public/Images/Kata/Seiyunchin11.png,May still be loaded dynamically; verify before removing.
public-media-not-found-in-text-scan,/Images/Kata/Seiyunchin12.png,,public/Images/Kata/Seiyunchin12.png,May still be loaded dynamically; verify before removing.
public-media-not-found-in-text-scan,/Images/Kata/Seiyunchin13.png,,public/Images/Kata/Seiyunchin13.png,May still be loaded dynamically; verify before removing.
public-media-not-found-in-text-scan,/Images/Kata/Seiyunchin2.png,,public/Images/Kata/Seiyunchin2.png,May still be loaded dynamically; verify before removing.
public-media-not-found-in-text-scan,/Images/Kata/Seiyunchin3.png,,public/Images/Kata/Seiyunchin3.png,May still be loaded dynamically; verify before removing.
public-media-not-found-in-text-scan,/Images/Kata/Seiyunchin4.png,,public/Images/Kata/Seiyunchin4.png,May still be loaded dynamically; verify before removing.
public-media-not-found-in-text-scan,/Images/Kata/Seiyunchin5.png,,public/Images/Kata/Seiyunchin5.png,May still be loaded dynamically; verify before removing.
public-media-not-found-in-text-scan,/Images/Kata/Seiyunchin6.png,,public/Images/Kata/Seiyunchin6.png,May still be loaded dynamically; verify before removing.
public-media-not-found-in-text-scan,/Images/Kata/Seiyunchin7.png,,public/Images/Kata/Seiyunchin7.png,May still be loaded dynamically; verify before removing.
public-media-not-found-in-text-scan,/Images/Kata/Seiyunchin8.png,,public/Images/Kata/Seiyunchin8.png,May still be loaded dynamically; verify before removing.
public-media-not-found-in-text-scan,/Images/Kata/Seiyunchin9.png,,public/Images/Kata/Seiyunchin9.png,May still be loaded dynamically; verify before removing.
public-media-not-found-in-text-scan,/Images/Kata/Sepai1.png,,public/Images/Kata/Sepai1.png,May still be loaded dynamically; verify before removing.
public-media-not-found-in-text-scan,/Images/Kata/Sepai10.png,,public/Images/Kata/Sepai10.png,May still be loaded dynamically; verify before removing.
public-media-not-found-in-text-scan,/Images/Kata/Sepai11.png,,public/Images/Kata/Sepai11.png,May still be loaded dynamically; verify before removing.
public-media-not-found-in-text-scan,/Images/Kata/Sepai2.png,,public/Images/Kata/Sepai2.png,May still be loaded dynamically; verify before removing.
public-media-not-found-in-text-scan,/Images/Kata/Sepai3.png,,public/Images/Kata/Sepai3.png,May still be loaded dynamically; verify before removing.
public-media-not-found-in-text-scan,/Images/Kata/Sepai4.png,,public/Images/Kata/Sepai4.png,May still be loaded dynamically; verify before removing.
public-media-not-found-in-text-scan,/Images/Kata/Sepai5.png,,public/Images/Kata/Sepai5.png,May still be loaded dynamically; verify before removing.
public-media-not-found-in-text-scan,/Images/Kata/Sepai6.png,,public/Images/Kata/Sepai6.png,May still be loaded dynamically; verify before removing.
public-media-not-found-in-text-scan,/Images/Kata/Sepai7.png,,public/Images/Kata/Sepai7.png,May still be loaded dynamically; verify before removing.
public-media-not-found-in-text-scan,/Images/Kata/Sepai8.png,,public/Images/Kata/Sepai8.png,May still be loaded dynamically; verify before removing.
public-media-not-found-in-text-scan,/Images/Kata/Sepai9.png,,public/Images/Kata/Sepai9.png,May still be loaded dynamically; verify before removing.
public-media-not-found-in-text-scan,/Images/Kata/Shisochin1.png,,public/Images/Kata/Shisochin1.png,May still be loaded dynamically; verify before removing.
public-media-not-found-in-text-scan,/Images/Kata/Shisochin2.png,,public/Images/Kata/Shisochin2.png,May still be loaded dynamically; verify before removing.
public-media-not-found-in-text-scan,/Images/Kata/Shisochin3.png,,public/Images/Kata/Shisochin3.png,May still be loaded dynamically; verify before removing.
public-media-not-found-in-text-scan,/Images/Kata/Shisochin4.png,,public/Images/Kata/Shisochin4.png,May still be loaded dynamically; verify before removing.
public-media-not-found-in-text-scan,/Images/Kata/Shisochin5.png,,public/Images/Kata/Shisochin5.png,May still be loaded dynamically; verify before removing.
public-media-not-found-in-text-scan,/Images/Kata/Shisochin6.png,,public/Images/Kata/Shisochin6.png,May still be loaded dynamically; verify before removing.
public-media-not-found-in-text-scan,/Images/Kata/Shisochin7.png,,public/Images/Kata/Shisochin7.png,May still be loaded dynamically; verify before removing.
public-media-not-found-in-text-scan,/Images/Kata/Shisochin8.png,,public/Images/Kata/Shisochin8.png,May still be loaded dynamically; verify before removing.
public-media-not-found-in-text-scan,/Images/Newaza/placeholder.jpg,,public/Images/Newaza/placeholder.jpg,May still be loaded dynamically; verify before removing.
public-media-not-found-in-text-scan,/og-image.png,,public/og-image.png,May still be loaded dynamically; verify before removing.
public-media-not-found-in-text-scan,/placeholder.svg,,public/placeholder.svg,May still be loaded dynamically; verify before removing.
public-media-not-found-in-text-scan,/Video/Blocks/age-uke.mp4,,public/Video/Blocks/age-uke.mp4,May still be loaded dynamically; verify before removing.
public-media-not-found-in-text-scan,/Video/Blocks/gedan-barai.mp4,,public/Video/Blocks/gedan-barai.mp4,May still be loaded dynamically; verify before removing.
public-media-not-found-in-text-scan,/Video/Blocks/soto-uke.mp4,,public/Video/Blocks/soto-uke.mp4,May still be loaded dynamically; verify before removing.
referenced-media-found,/Images/Kata/gekisai-dai-ichi-1.png,src/data/gekisai-dai-ichi.da.ts,public/Images/Kata/gekisai-dai-ichi-1.png,
referenced-media-found,/Images/Kata/gekisai-dai-ichi-1.png,src/data/gekisai-dai-ichi.de.ts,public/Images/Kata/gekisai-dai-ichi-1.png,
referenced-media-found,/Images/Kata/gekisai-dai-ichi-1.png,src/data/gekisai-dai-ichi.en.ts,public/Images/Kata/gekisai-dai-ichi-1.png,
referenced-media-found,/Images/Kata/gekisai-dai-ichi-1.png,src/data/gekisai-dai-ichi.es.ts,public/Images/Kata/gekisai-dai-ichi-1.png,
referenced-media-found,/Images/Kata/gekisai-dai-ichi-1.png,src/data/gekisai-dai-ichi.fr.ts,public/Images/Kata/gekisai-dai-ichi-1.png,
referenced-media-found,/Images/Kata/gekisai-dai-ichi-1.png,src/data/gekisai-dai-ichi.it.ts,public/Images/Kata/gekisai-dai-ichi-1.png,
referenced-media-found,/Images/Kata/gekisai-dai-ichi-1.png,src/data/gekisai-dai-ichi.nl.ts,public/Images/Kata/gekisai-dai-ichi-1.png,
referenced-media-found,/Images/Kata/gekisai-dai-ichi-1.png,src/data/gekisai-dai-ichi.pt.ts,public/Images/Kata/gekisai-dai-ichi-1.png,
referenced-media-found,/Images/Kata/gekisai-dai-ichi-1.png,src/data/gekisai-dai-ichi.ts,public/Images/Kata/gekisai-dai-ichi-1.png,
referenced-media-found,/Images/Kata/gekisai-dai-ichi-2.png,src/data/gekisai-dai-ichi.da.ts,public/Images/Kata/gekisai-dai-ichi-2.png,
referenced-media-found,/Images/Kata/gekisai-dai-ichi-2.png,src/data/gekisai-dai-ichi.de.ts,public/Images/Kata/gekisai-dai-ichi-2.png,
referenced-media-found,/Images/Kata/gekisai-dai-ichi-2.png,src/data/gekisai-dai-ichi.en.ts,public/Images/Kata/gekisai-dai-ichi-2.png,
referenced-media-found,/Images/Kata/gekisai-dai-ichi-2.png,src/data/gekisai-dai-ichi.es.ts,public/Images/Kata/gekisai-dai-ichi-2.png,
referenced-media-found,/Images/Kata/gekisai-dai-ichi-2.png,src/data/gekisai-dai-ichi.fr.ts,public/Images/Kata/gekisai-dai-ichi-2.png,
referenced-media-found,/Images/Kata/gekisai-dai-ichi-2.png,src/data/gekisai-dai-ichi.it.ts,public/Images/Kata/gekisai-dai-ichi-2.png,
referenced-media-found,/Images/Kata/gekisai-dai-ichi-2.png,src/data/gekisai-dai-ichi.nl.ts,public/Images/Kata/gekisai-dai-ichi-2.png,
referenced-media-found,/Images/Kata/gekisai-dai-ichi-2.png,src/data/gekisai-dai-ichi.pt.ts,public/Images/Kata/gekisai-dai-ichi-2.png,
referenced-media-found,/Images/Kata/gekisai-dai-ichi-2.png,src/data/gekisai-dai-ichi.ts,public/Images/Kata/gekisai-dai-ichi-2.png,
referenced-media-found,/Images/Kata/gekisai-dai-ichi-3.png,src/data/gekisai-dai-ichi.da.ts,public/Images/Kata/gekisai-dai-ichi-3.png,
referenced-media-found,/Images/Kata/gekisai-dai-ichi-3.png,src/data/gekisai-dai-ichi.de.ts,public/Images/Kata/gekisai-dai-ichi-3.png,
referenced-media-found,/Images/Kata/gekisai-dai-ichi-3.png,src/data/gekisai-dai-ichi.en.ts,public/Images/Kata/gekisai-dai-ichi-3.png,
referenced-media-found,/Images/Kata/gekisai-dai-ichi-3.png,src/data/gekisai-dai-ichi.es.ts,public/Images/Kata/gekisai-dai-ichi-3.png,
referenced-media-found,/Images/Kata/gekisai-dai-ichi-3.png,src/data/gekisai-dai-ichi.fr.ts,public/Images/Kata/gekisai-dai-ichi-3.png,
referenced-media-found,/Images/Kata/gekisai-dai-ichi-3.png,src/data/gekisai-dai-ichi.it.ts,public/Images/Kata/gekisai-dai-ichi-3.png,
referenced-media-found,/Images/Kata/gekisai-dai-ichi-3.png,src/data/gekisai-dai-ichi.nl.ts,public/Images/Kata/gekisai-dai-ichi-3.png,
referenced-media-found,/Images/Kata/gekisai-dai-ichi-3.png,src/data/gekisai-dai-ichi.pt.ts,public/Images/Kata/gekisai-dai-ichi-3.png,
referenced-media-found,/Images/Kata/gekisai-dai-ichi-3.png,src/data/gekisai-dai-ichi.ts,public/Images/Kata/gekisai-dai-ichi-3.png,
referenced-media-found,/Images/Stances/hachiji-dachi-1024x619-upscale-4x.jpg,src/data/media/stanceImages.ts,public/Images/Stances/hachiji-dachi-1024x619-upscale-4x.jpg,
referenced-media-found,/Images/Stances/han-zenkutsu-dachi-1024x619-upscale-4x.jpg,src/data/media/stanceImages.ts,public/Images/Stances/han-zenkutsu-dachi-1024x619-upscale-4x.jpg,
referenced-media-found,/Images/Stances/heiko-dachi-1024x619-upscale-4x.jpg,src/data/media/stanceImages.ts,public/Images/Stances/heiko-dachi-1024x619-upscale-4x.jpg,
referenced-media-found,/Images/Stances/heisoku-dachi-1024x619-upscale-4x.jpg,src/data/media/stanceImages.ts,public/Images/Stances/heisoku-dachi-1024x619-upscale-4x.jpg,
referenced-media-found,/Images/Stances/kiba-dachi-1024x619-upscale-4x.jpg,src/data/media/stanceImages.ts,public/Images/Stances/kiba-dachi-1024x619-upscale-4x.jpg,
referenced-media-found,/Images/Stances/kokutsu-dachi-1024x619-upscale-4x.jpg,src/data/media/stanceImages.ts,public/Images/Stances/kokutsu-dachi-1024x619-upscale-4x.jpg,
referenced-media-found,/Images/Stances/kosa-dachi-1024x619-upscale-4x.jpg,src/data/media/stanceImages.ts,public/Images/Stances/kosa-dachi-1024x619-upscale-4x.jpg,
referenced-media-found,/Images/Stances/musubi-dachi-1024x619-upscale-4x.jpg,src/data/media/stanceImages.ts,public/Images/Stances/musubi-dachi-1024x619-upscale-4x.jpg,
referenced-media-found,/Images/Stances/neko-ashi-dachi-1024x619-upscale-4x.jpg,src/data/media/stanceImages.ts,public/Images/Stances/neko-ashi-dachi-1024x619-upscale-4x.jpg,
referenced-media-found,/Images/Stances/sanchin-dachi-1024x619-upscale-4x.jpg,src/data/media/stanceImages.ts,public/Images/Stances/sanchin-dachi-1024x619-upscale-4x.jpg,
referenced-media-found,/Images/Stances/seiza-placeholder.jpg,src/data/media/stanceImages.ts,public/Images/Stances/seiza-placeholder.jpg,
referenced-media-found,/Images/Stances/shiko-dachi-1024x619-upscale-4x.jpg,src/data/media/stanceImages.ts,public/Images/Stances/shiko-dachi-1024x619-upscale-4x.jpg,
referenced-media-found,/Images/Stances/tsuru-ashi-dachi-1024x619-upscale-4x.jpg,src/data/media/stanceImages.ts,public/Images/Stances/tsuru-ashi-dachi-1024x619-upscale-4x.jpg,
referenced-media-found,/Images/Stances/zenkutsu-dachi-1024x619-upscale-4x.jpg,src/data/media/stanceImages.ts,public/Images/Stances/zenkutsu-dachi-1024x619-upscale-4x.jpg,
referenced-media-found,/Images/Vital-points-back.jpg,src/data/media.ts,public/Images/Vital-points-back.jpg,
referenced-media-found,/Images/Vital-points-front.jpg,src/data/media.ts,public/Images/Vital-points-front.jpg,
